epoch,step,test/rmse,train/loss
0,49,,0.004716510884463787
0,99,,0.004845529329031706
1,149,,0.005706206429749727
1,199,,0.005965494085103273
2,208,0.07617993652820587,
