epoch,step,test/rmse,train/loss
0,49,,0.006462517660111189
0,99,,0.006482921075075865
1,149,,0.005121217574924231
1,199,,0.005352554842829704
2,208,0.07753972709178925,
