epoch,step,test/rmse,train/loss
0,49,,0.006663840264081955
0,59,0.08285786211490631,
0,99,,0.004823761992156506
0,149,,0.0062801893800497055
1,199,,0.004911541938781738
