epoch,step,test/rmse,train/loss
0,49,,0.007687026634812355
0,99,,0.0064039649441838264
1,149,,0.006536705419421196
1,199,,0.00674651563167572
2,208,0.07930992543697357,
