epoch,step,test/rmse,train/loss
0,49,,0.006920821964740753
0,99,,0.006158137694001198
1,149,,0.00575189758092165
1,199,,0.005969899706542492
2,208,0.0786932185292244,
