epoch,step,test/rmse,train/loss
0,49,,0.004663046449422836
0,99,,0.0038815478328615427
1,149,,0.004160383716225624
1,199,,0.004245903808623552
2,208,0.07922118902206421,
