epoch,step,test/rmse,train/loss
0,49,,0.008784683421254158
0,99,,0.006645562127232552
1,149,,0.006305192597210407
1,199,,0.006342021282762289
2,208,0.07799366116523743,
