epoch,step,train/loss
0,49,0.007541284430772066
0,99,0.006130121648311615
1,149,0.005280794110149145
1,199,0.004820798523724079
