epoch,step,test/rmse,train/loss
0,49,,0.005064205266535282
0,99,,0.005469062365591526
1,149,,0.005173539277166128
1,199,,0.005880608689039946
2,208,0.07767943292856216,
