epoch,step,test/rmse,train/loss
0,49,,0.007077386602759361
0,99,,0.00687224417924881
1,149,,0.005273197777569294
1,199,,0.005346350837498903
2,208,0.07915089279413223,
