epoch,step,test/rmse,train/loss
0,49,,0.004527310840785503
0,99,,0.0047294981777668
1,149,,0.005577655043452978
1,199,,0.006170459557324648
2,208,0.07659561187028885,
