epoch,step,test/rmse,train/loss
0,49,,0.0046308040618896484
0,99,,0.004051816649734974
1,149,,0.003592155175283551
1,199,,0.0035639675334095955
2,208,0.07766894996166229,
