epoch,step,test/rmse,train/loss
0,49,,0.004549181088805199
0,99,,0.004390608053654432
1,149,,0.0043404484167695045
1,199,,0.0052484264597296715
2,208,0.07684828341007233,
