epoch,step,test/rmse,train/loss
0,49,,0.0054500289261341095
0,99,,0.004553188569843769
1,149,,0.003923925571143627
1,199,,0.0049563562497496605
2,208,0.07772195339202881,
