epoch,step,train/loss
0,49,0.007657559588551521
0,99,0.02342275157570839
1,149,0.00550659466534853
1,199,0.004834097344428301
