epoch,step,test/rmse,train/loss
0,49,,0.004019690211862326
0,99,,0.0038128523156046867
1,149,,0.004590964876115322
1,199,,0.004824312869459391
2,208,0.07798700779676437,
