epoch,step,test/rmse,train/loss
0,49,,0.004219838883727789
0,99,,0.00485283462330699
1,149,,0.005634331610053778
1,199,,0.004245953634381294
2,208,0.0766671821475029,
