epoch,step,test/rmse,train/loss
0,49,,0.0066641042940318584
0,99,,0.005535994190722704
1,149,,0.005294492468237877
1,199,,0.005577330943197012
2,208,0.07899079471826553,
