epoch,step,train/loss
0,49,0.006619481835514307
0,99,0.0053989216685295105
1,149,0.004190620966255665
1,199,0.005089852958917618
