epoch,step,test/rmse,train/loss
0,49,,0.004292560275644064
0,99,,0.004673075396567583
1,149,,0.00467785494402051
1,199,,0.004467965103685856
2,208,0.0773594006896019,
