epoch,step,test/rmse,train/loss
0,49,,0.005013353656977415
0,99,,0.004525637719780207
1,149,,0.004426833242177963
1,199,,0.003761830972507596
2,208,0.07695844769477844,
