epoch,step,test/rmse,train/loss
0,49,,0.004609609488397837
0,99,,0.0057497285306453705
1,149,,0.004816790577024221
1,199,,0.0045966487377882
2,208,0.07680913060903549,
