epoch,step,test/rmse,train/loss
0,49,,0.005505275446921587
0,99,,0.004273542203009129
1,149,,0.0048106093890964985
1,199,,0.005157393869012594
2,208,0.07662107795476913,
