epoch,step,test/rmse,train/loss
0,49,,0.006926402449607849
0,99,,0.00587204284965992
1,149,,0.005536959040910006
1,199,,0.005462944507598877
2,208,0.07965409010648727,
