epoch,step,train/loss
0,49,0.006514177192002535
0,99,0.0059099625796079636
0,149,0.006374625023454428
0,199,0.005855758674442768
