epoch,step,test/rmse,train/loss
0,49,,0.0061612967401742935
0,99,,0.004624670837074518
1,149,,0.004948663525283337
1,199,,0.003913750406354666
2,208,0.07763022929430008,
