epoch,step,test/rmse,train/loss
0,49,,0.007232310250401497
0,99,,0.005648593418300152
1,149,,0.005438285879790783
1,199,,0.005325943231582642
2,208,0.0783904418349266,
