epoch,step,test/rmse,train/loss
0,49,,0.004325357265770435
0,99,,0.0040735406801104546
1,149,,0.003899593371897936
1,199,,0.004154833033680916
2,208,0.07626622915267944,
