epoch,step,test/rmse,train/loss
0,49,,0.0038107233121991158
0,99,,0.004207385238260031
1,149,,0.004101548343896866
1,199,,0.0043054986745119095
2,208,0.07644210010766983,
