epoch,step,test/rmse,train/loss
0,49,,0.004236740525811911
0,99,,0.004254914354532957
1,149,,0.004087700508534908
1,199,,0.004985395818948746
2,208,0.07677225768566132,
